"intake_id","intake_client","intake_signed_at","case_id","case_client","case_cause","case_stage","date_check","verdict"
"162","丁云林","2025-10-13","38","丁云林","工伤","解除委托，不委托了","first:31 signed:31","offset30_hist"
"82","丁士华","2025-07-15","28","丁士华","交通事故","结案","first:30 signed:31","offset30_hist"
"64","兰瑞玉，王牛林","2025-06-01","20","兰瑞玉，王牛林","交通事故","结案","first:31 signed:30","offset30_hist"
"128","刘兵","2025-08-20","34","刘兵","交通事故","调解","first:31 signed:31","offset30_hist"
"114","包红兴","2025-08-05","32","包红兴","工伤","仲裁,结案","first:31 signed:31","offset30_hist"
"97","印梅梅","2025-07-18","31","印梅梅","工伤","调解,结案","first:31 signed:31","offset30_hist"
"186","史正林","2025-11-25","41","史正林","交通事故","调解,解除委托，不委托了","first:30 signed:30","offset30_hist"
"22","周家前","2025-07-24","12","周家前","工伤","仲裁","first:30 signed:31","offset30_hist"
"213","周家前2","2026-02-15","51","周家前2","欠付工程款","一审","first:14 signed:0","dates_match"
"167","周玉金","2025-10-24","39","周玉金","交通事故","一审","first:31 signed:31","offset30_hist"
"234","唐远松段习菊","2026-03-28","61","唐远松段习菊","交通，工伤","解除委托，不委托了","first:0 signed:0","dates_match"
"55","夏桂林","2025-06-01","18","夏桂林","交通事故","解除委托，不委托了","first:31 signed:30","offset30_hist"
"258","庄立青","","69","庄立青","机动车","调解","first:0 signed:","dates_match"
"72","张建华","2025-07-03","24","张建华","交通事故","结案","first:30 signed:31","offset30_hist"
"88","张建风","2025-07-22","29","张建风","交通事故，工伤","仲裁","first:31 signed:31","offset30_hist"
"298","景巧娥","2026-09-10","82","景巧娥","交通，工伤","","first:0 signed:0","dates_match"
"176","曹夕凤","2025-11-18","40","曹夕凤","提供劳务受害","在办","first:31 signed:30","offset30_hist"
"34","曹宏森","2025-06-01","13","曹宏森","非机动车交通事故","结案","first:30 signed:30","offset30_hist"
"132","朱英儿","2025-10-25","35","朱英儿","交通事故","一审,结案","first:31 signed:31","offset30_hist"
"195","李春华","2025-12-08","44","李春华","交通事故","调解,结案","first:31 signed:0","dates_match"
"221","李松燕","2026-02-12","49","李松燕","工伤和交通","仲裁,一审","first:0 signed:0","dates_match"
"242","杜玲娉","2026-04-14","59","杜玲娉","隐私权，个人信息保护权纠纷","一审,结案","first:0 signed:0","dates_match"
"252","杨志三人","","73","杨志三人","劳动争议","一审","first:0 signed:","dates_match"
"71","樊明荣","2025-06-01","23","樊明荣","交通事故","结案","first:30 signed:30","offset30_hist"
"143","殷跃德","2025-09-15","36","殷跃德","交通事故","结案","first:30 signed:30","offset30_hist"
"49","殷银良","2025-05-01","15","殷银良","养老待遇损失","结案","first:31 signed:31","offset30_hist"
"262","潘金才","2026-08-01","77","潘金才","交通事故和工伤","仲裁","first:44 signed:0","dates_match"
"17","王开华","2025-06-01","11","王开华","交通事故","结案","first:30 signed:30","offset30_hist"
"119","王德秀","2025-08-07","33","王德秀","交通事故","结案","first:31 signed:31","offset30_hist"
"53","王志峰","2025-06-01","16","王志峰","交通事故","解除委托，不委托了","first:31 signed:30","offset30_hist"
"81","王杏英","2025-06-25","27","王杏英","交通事故","二审","first:30 signed:30","offset30_hist"
"54","王毫","2025-06-01","17","王毫","工伤","仲裁","first:31 signed:30","offset30_hist"
"227","申学好","2026-05-28","67","申学好","交通事故","在办","first:-6 signed:-4","offset30_hist"
"175","石先艮","2025-11-30","42","石先艮","交通事故，工伤","仲裁","first:31 signed:30","offset30_hist"
"297","胡兴伶","2026-09-03","86","胡兴伶","执行","执行","first:0 signed:6","dates_match"
"1","葛桂荣","2025-04-01","9","葛桂荣","交通事故","结案","first:31 signed:30","offset30_hist"
"202","蒋六琼","2025-12-23","45","蒋六琼","确认劳动关系，经济补偿金","二审,结案","first:0 signed:0","dates_match"
"66","蒋金秋","2025-06-01","21","蒋金秋","非机动车交通事故","一审","first:31 signed:30","offset30_hist"
"7","蒋鲜兰","2025-09-17","10","蒋鲜兰","工伤","解除委托，不委托了","first:31 signed:30","offset30_hist"
"309","袁凌花","2026-09-10","83","袁凌花","工伤","一审","first:0 signed:0","dates_match"
"239","谢桂建","2026-04-30","60","谢桂建","机动车交通事故","调解,结案","first:0 signed:0","dates_match"
"80","谭永兵","2025-06-20","26","谭永兵","交通事故","一审,结案","first:30 signed:30","offset30_hist"
"68","赵大妹","2025-06-01","22","赵大妹","交通事故","结案","first:30 signed:30","offset30_hist"
"166","赵桃","2025-12-04","43","赵桃","工伤","仲裁","first:31 signed:0","dates_match"
"188","陈社芹","2026-01-19","48","陈社芹","机动车交通事故责任纠纷","调解,结案","first:0 signed:0","dates_match"
"95","陈纪龙","2025-07-10","30","陈纪龙","交通事故","解除委托，不委托了","first:31 signed:31","offset30_hist"
"207","顾云华","2026-01-14","46","顾云华","交通事故","结案","first:0 signed:0","dates_match"
"37","黄立群","2025-05-01","14","黄立群","交通事故","结案","first:30 signed:31","offset30_hist"
"63","黄远会","2025-06-01","19","黄远会","交通事故，工伤","调解","first:31 signed:30","offset30_hist"