"intake_id","client","case_id_before","converted_before","updated_at_before","rollback_case_id","rollback_converted"
"1","葛桂荣","","true","2026-09-10 12:07:03.247165+00","","true"
"7","蒋鲜兰","","true","2026-09-10 12:07:03.247165+00","","true"
"17","王开华","","true","2026-09-10 12:07:03.247165+00","","true"
"22","周家前","","true","2026-09-10 12:07:03.247165+00","","true"
"34","曹宏森","","true","2026-09-10 12:07:03.247165+00","","true"
"37","黄立群","","true","2026-09-10 12:07:03.247165+00","","true"
"49","殷银良","","true","2026-09-10 12:07:03.247165+00","","true"
"53","王志峰","","true","2026-09-10 12:07:03.247165+00","","true"
"54","王毫","","true","2026-09-10 12:07:03.247165+00","","true"
"55","夏桂林","","true","2026-09-10 12:07:03.247165+00","","true"
"63","黄远会","","true","2026-09-10 12:07:03.247165+00","","true"
"64","兰瑞玉，王牛林","","true","2026-09-10 12:07:03.247165+00","","true"
"66","蒋金秋","","true","2026-09-10 12:07:03.247165+00","","true"
"68","赵大妹","","true","2026-09-10 12:07:03.247165+00","","true"
"71","樊明荣","","true","2026-09-10 12:07:03.247165+00","","true"
"72","张建华","","true","2026-09-10 12:07:03.247165+00","","true"
"80","谭永兵","","true","2026-09-10 12:07:03.247165+00","","true"
"81","王杏英","","true","2026-09-10 12:07:05.741755+00","","true"
"82","丁士华","","true","2026-09-10 12:07:05.741755+00","","true"
"88","张建风","","true","2026-09-10 12:07:05.741755+00","","true"
"95","陈纪龙","","true","2026-09-10 12:07:05.741755+00","","true"
"97","印梅梅","","true","2026-09-10 12:07:05.741755+00","","true"
"114","包红兴","","true","2026-09-10 12:07:05.741755+00","","true"
"119","王德秀","","true","2026-09-10 12:07:05.741755+00","","true"
"128","刘兵","","true","2026-09-10 12:07:05.741755+00","","true"
"132","朱英儿","","true","2026-09-10 12:07:05.741755+00","","true"
"143","殷跃德","","true","2026-09-10 12:07:05.741755+00","","true"
"162","丁云林","","true","2026-09-10 12:07:05.741755+00","","true"
"166","赵桃","","true","2026-09-10 12:07:05.741755+00","","true"
"167","周玉金","","true","2026-09-10 12:07:05.741755+00","","true"
"175","石先艮","","true","2026-09-10 12:07:05.741755+00","","true"
"176","曹夕凤","","true","2026-09-10 12:07:05.741755+00","","true"
"186","史正林","","true","2026-09-10 12:07:05.741755+00","","true"
"188","陈社芹","","true","2026-09-10 12:07:05.741755+00","","true"
"195","李春华","","true","2026-09-10 12:07:05.741755+00","","true"
"202","蒋六琼","","true","2026-09-10 12:07:05.741755+00","","true"
"207","顾云华","","true","2026-09-10 12:07:05.741755+00","","true"
"213","周家前2","","true","2026-09-10 12:07:05.741755+00","","true"
"221","李松燕","","true","2026-09-10 12:07:05.741755+00","","true"
"227","申学好","","true","2026-09-10 12:07:05.741755+00","","true"
"234","唐远松段习菊","","true","2026-09-10 12:07:05.741755+00","","true"
"239","谢桂建","","true","2026-09-10 12:07:05.741755+00","","true"
"242","杜玲娉","","true","2026-09-10 12:07:05.741755+00","","true"
"252","杨志三人","","true","2026-09-10 12:07:05.741755+00","","true"
"258","庄立青","","true","2026-09-10 12:07:05.741755+00","","true"
"262","潘金才","","true","2026-09-10 12:07:05.741755+00","","true"
"297","胡兴伶","","true","2026-09-11 12:18:46.154+00","","true"
"298","景巧娥","","true","2026-09-11 08:22:51.66+00","","true"
"309","袁凌花","","true","2026-09-11 08:24:14.657+00","","true"